Id,LipoP_Signal_Avg_Length,YinOYang-T-Count,NetPhosK-S-Count,LipoP_SPI_Avg_Length,NetMhcPan-B-AvgRank,TargetP-SecretFlag,YinOYang-Average-Difference1_Length,MBAAgl7_CorCount,PickPocket-Average_score,PropFurin-AvgScore,Label
1DI0_A,-0.817913932,-0.833333333,-0.956521739,-0.998248091,-0.378769319,-1,-0.660314278,-0.608157528,-0.611645257,0.431656402,1
1DYQ,-0.809114292,-0.916666667,-0.945652174,-0.998248091,0.299511436,-1,-0.709762593,-0.584235517,-0.798872192,0.014544391,1
2Y1V_C,-0.797895974,-0.333333333,-0.923913043,-0.998248091,0.428313241,-1,-0.917239262,-0.29829201,-0.934590773,-0.100597396,1
A46405,-0.740229755,-0.833333333,-0.815217391,-0.945532803,0.753121611,-1,-0.979735667,-0.913289756,-0.977956012,-0.151066909,1
AAA20874.1,-0.806621297,0,-0.75,-0.998248091,0.636550519,1,-0.964085985,-0.588804354,-0.978449534,-0.153793454,1
AAA23236.1,-0.81041477,-0.416666667,-0.891304348,-0.955545124,0.228514472,1,-0.840458175,-0.703387537,-0.845839047,-0.02734695,1
AAA26380.1,-0.747088629,0.833333333,-0.608695652,-0.951664053,0.218918737,-1,-0.986022292,-0.638199692,-0.987716783,-0.046614401,1
AAA26522.1,-0.798200959,-0.416666667,-0.793478261,-0.998248091,-0.193158117,-1,-0.876187604,-0.161302683,-0.906201736,-0.023447486,1
AAA26524.1,-0.807036224,-0.333333333,-0.826086957,-1,0.107929018,-1,-0.778513521,-0.280722893,-0.846611134,-0.152363434,1
AAA67928.1,-0.820548042,-0.833333333,-0.989130435,-0.998248091,-0.011012512,-1,-0.831641518,-0.01728395,-0.628426106,-0.201454815,1
AAA99670.2,-0.798175583,-0.666666667,-0.869565217,-0.998248091,0.167086452,-1,-0.902196841,-0.012218401,-0.926271635,0.106846683,1
AAB07068.1,-0.497257359,-0.416666667,-0.913043478,-0.687234639,-0.122878706,1,-0.86324117,-0.794315245,-0.859025957,-0.009696503,1
AAB09440.1,-0.356228099,-0.833333333,-0.923913043,-0.998248091,0.39143563,1,-0.921433243,-0.427544049,-0.852243318,-0.125010001,1
AAB59097.1,-0.561047881,-0.916666667,-0.804347826,-0.821006652,0.005549043,1,-0.975455412,-0.556391499,-0.927888743,0.351838273,1
AAC02243.1,-0.396704382,-0.833333333,-0.945652174,-0.518018475,0.109628045,1,-0.800815656,-0.298457666,-0.864203004,0.002646317,1
AAC16068.1,-0.799297106,-0.666666667,-0.891304348,-0.998248091,0.156587377,-1,-0.91332216,-0.649724976,-0.91321633,0.101938274,1
AAC28879.1,-0.812661076,-0.666666667,-0.945652174,-0.998248091,0.239557122,-1,-0.687358133,-0.187755098,-0.735012625,-0.106454452,1
AAC36000.1,-0.163260701,-0.916666667,-0.902173913,-0.168818232,-0.169257678,1,-0.628980804,-0.59335888,-0.652299964,-0.061105336,1
AAC44468.1,-0.742852487,0.083333333,-0.652173913,-0.954694997,0.764027251,-1,-0.988229299,-0.655131328,-0.984700815,-0.14768233,1
AAD04290.1,-0.700763262,-0.666666667,-0.739130435,-0.942160065,0.014854486,1,-0.985019107,-0.73260982,-0.9687436,-0.037730946,1
AAD23967.1,-0.124014669,-1,-0.956521739,-0.361047112,0.202557722,1,-1,0.39176537,-0.762223789,0.074283341,1
AAD45811.1,-0.848668931,-0.916666667,-0.967391304,-0.998248091,-0.24384348,-1,-0.563930959,-1,-0.109644985,0.062345035,1
AAD51067.1,-0.469836205,-0.416666667,-0.913043478,-0.641075953,-0.061981004,1,-0.92565197,-0.660699065,-0.866917376,0.197070843,1
AAD51068.1,-0.275092507,-0.5,-0.913043478,-0.53282854,-0.027469721,1,-0.854148303,-0.697426903,-0.863266957,0.130928575,1
AAD51621.1,-0.825342846,-1,-0.989130435,-0.998248091,0.178190353,-1,-0.888355566,0.640501794,-0.596019799,-0.2467941,1
AAF17598.1,-0.79425314,-0.5,-0.467391304,-0.998248091,0.376447926,-1,-0.967229297,-0.304927378,-0.97642061,0.03704342,1
AAF41790.1,-0.450715942,-0.75,-0.891304348,-0.661793312,0.067244594,1,-0.856346615,-0.751814063,-0.875591301,0.167645347,1
AAF42074.1,-0.81027845,-1,-0.956521739,-0.998248091,-0.709329818,1,-0.827127855,-0.557777777,-0.680095677,0.48008114,1
AAF45140.1,-0.799330792,-0.75,-0.869565217,-0.998248091,0.08094942,-1,-0.903914293,-0.718665784,-0.904808907,0.104509916,1
AAF81744.1,-0.60976103,-0.666666667,-0.663043478,-0.901725028,0.112008167,1,-0.970506368,-0.690686092,-0.957891597,0.141403482,1
AAF81745.1,-0.44370773,-0.25,-0.684782609,-0.998248091,0.546803666,1,-0.91832939,-0.627340828,-0.951610157,0.018555548,1
AAG18474.1,-0.236724908,1,-0.815217391,-0.523086617,-0.002849689,1,-0.840586582,-0.082949307,-0.883168511,-0.103575142,1
AAG31201.1,-0.805137325,-0.833333333,-0.891304348,-0.998248091,-0.319218446,-1,-0.896326204,-0.852099591,-0.812048136,0.164266032,1
AAK19155.1,-0.705470176,-0.5,-0.652173913,-0.998248091,0.307893507,1,-0.942818468,-0.468899778,-0.955969054,0.033154101,1
AAK19156.1,-0.533731577,-0.75,-0.880434783,-0.727878363,0.003751737,1,-0.926639772,-0.711907346,-0.920640548,-0.072599053,1
AAK19158.1,-0.713411837,-0.916666667,-0.923913043,-0.998248091,-0.340908169,-1,-0.705975905,-0.609803922,-0.698432217,0.210376173,1
AAK26629.1,-0.708301692,-0.416666667,-0.597826087,-0.998248091,0.401032349,1,-0.941079614,-0.423644021,-0.960956917,-0.030894125,1
AAK33158.1,-0.42257788,-0.25,-0.836956522,-0.642349895,-0.021920843,1,-0.831112505,0.600000005,-0.868461003,0.087738939,1
AAK33267.1,-0.524881951,-0.5,-0.717391304,-0.741403365,0.247578913,1,-0.947566876,-0.566296941,-0.925477613,0.057927908,1
AAK33444.1,-0.740062604,0.333333333,-0.391304348,-0.918453601,0.214404649,1,-0.973449043,-0.532807125,-0.982617055,-0.045799382,1
AAK33494.1,-0.803753197,-0.5,-0.826086957,-0.998248091,0.094403394,1,-0.840801933,-0.652635116,-0.85420644,0.157257388,1
AAK33792.1,-0.62314946,-0.333333333,-0.826086957,-0.820522888,0.175969479,1,-0.953050952,-0.537976782,-0.931390556,-0.08022075,1
AAK33814.1,-0.807159207,-0.75,-0.934782609,-0.998248091,-0.365654269,-1,-0.893810216,-0.594910939,-0.765040703,0.06026967,1
AAK34188.1,-0.626413653,-0.833333333,-0.739130435,-0.998248091,0.196585541,1,-0.89461477,-0.48630752,-0.949453465,-0.074529089,1
AAK34428.1,-0.803522935,-1,-0.902173913,-0.998248091,-0.023878024,1,-0.918137447,-0.396373229,-0.849420372,0.079991776,1
AAK34472.1,-0.807097076,-0.916666667,-0.956521739,-0.998248091,-0.220436683,-1,-0.854671965,-0.730967469,-0.783775351,0.103691874,1
AAK34691.1,-0.695304284,0.5,-0.619565217,-0.909625439,0.344728098,1,-0.965022291,-0.340972814,-0.973843328,-0.056759715,1
AAK34694.1,-0.649497523,-0.666666667,-0.858695652,-0.831885065,0.40341201,-1,-0.932540505,0.845638203,-0.927447314,0.133668345,1
AAK92094.1,-0.634566421,-0.416666667,-0.760869565,-0.826889343,0.047689995,-1,-0.943621016,-0.61123321,-0.955144872,0.24276515,1
AAL18599.1,-0.416367477,-0.916666667,-0.923913043,-0.998248091,-0.010716552,1,-0.757235972,-0.284640522,-0.813617536,-0.018368923,1
AAM22954.1,-0.801235827,-0.75,-0.923913043,-0.998248091,0.0233887,-1,-0.922055887,-0.612652072,-0.879069535,-0.008550996,1
AAM99537.1,-0.600480433,-0.5,-0.847826087,-0.841416902,0.312011357,1,-0.916850695,-0.568953069,-0.923605519,-0.022612659,1
AAM99541.1,-0.722943428,-0.583333333,-0.77173913,-0.938943157,0.31859014,1,-0.925593785,-0.592559298,-0.958322058,-0.029144309,1
AAN37923.1,-0.736556452,-0.583333333,-0.543478261,-0.926046002,0.226514254,1,-0.961343947,-0.62429588,-0.978394699,0.249161067,1
AAN47806.1,-0.718033268,-1,-0.923913043,-0.966934593,-0.056114516,1,-1,-0.73400167,-0.796891524,0.056279821,1
AAN48316.1,-0.498186333,-0.833333333,-0.913043478,-0.751761242,-0.00432993,1,-0.808228523,-0.80407876,-0.842711761,0.009037833,1
AAN48653.1,-0.747006939,-0.916666667,-0.77173913,-0.998248091,-0.163586602,1,-0.94000955,-0.802358781,-0.841220776,-0.016173376,1
AAN79749.1,-0.052312528,-0.916666667,-0.97826087,-0.419140492,0.03345519,1,-0.588539082,-0.765710083,-0.643483466,0.08183267,1
AAR88321.1,-0.650084076,-0.666666667,-0.695652174,-0.909755739,0.227437505,1,-0.926307384,-0.635401893,-0.944660269,0.04027081,1
AAR88322.1,-0.771132452,-0.916666667,-0.760869565,-0.949589233,0.254567575,1,-0.955458596,-0.367151441,-0.927674335,-0.042499568,1
ABN54438.1,-0.708321167,-0.5,-0.815217391,-0.873065316,-0.007750099,1,-0.965691081,-0.677965614,-0.9407428,0.099444364,1
ABP89149.1,-0.813835311,-0.5,-0.913043478,-0.998248091,0.382391703,-1,-0.834548747,0.093667863,-0.744092883,0.086139325,1
ABP89196.1,-0.806913498,-1,-0.945652174,-0.998248091,-0.247133303,-1,-1,-0.401503758,-0.777236731,-0.00463889,1
ABP90369.1,-0.591273642,-0.333333333,-0.858695652,-0.746321696,0.064067791,1,-0.912891459,-0.661882407,-0.900227377,0.031219171,1
ABP90422.1,-0.460922829,-0.833333333,-0.891304348,-0.998248091,0.046715425,1,-0.985621018,0.591638264,-0.901036205,0.114307564,1
ACF35726.1,-0.804948313,-0.916666667,-0.956521739,-0.998248091,-0.179303114,-1,-0.86982875,-0.591345805,-0.826518204,0.21453518,1
ACF35754.1,-0.799399016,-0.083333333,-0.815217391,-0.998248091,0.286933838,-1,-0.887510216,-0.273302156,-0.908565158,-0.085892111,1
ACU44469.1,-0.699603792,-0.75,-0.608695652,-0.8704474,0.389502337,-1,-0.934458595,0.09460946,-0.958471211,-0.055968849,1
ACZ17766.1,-0.487071971,-0.083333333,-0.945652174,-0.598022785,-0.021360928,1,-0.783359572,-0.941037034,-0.801711041,0.200511878,1
ADE88959.1,-0.79538619,0.5,-0.445652174,-0.998248091,0.157290911,-1,-0.962480889,-0.356654111,-0.975707745,0.020999407,1
ADE89421.1,-0.602511732,0.166666667,-0.47826087,-0.998248091,0.209652777,1,-0.966292991,-0.59850877,-0.979875265,0.159316125,1
ADE91247.1,-0.695191528,-0.416666667,-0.782608696,-0.875797901,0.058276604,1,-0.938270697,-0.62786349,-0.933861457,0.248139155,1
ADE91828.1,-0.710201614,-0.416666667,-0.956521739,-0.998248091,-0.464176225,1,-0.787483999,-0.482940174,-0.809896928,0.326135055,1
AEB91475.1,-0.204325796,-1,-0.869565217,-0.998248091,0.125939978,1,-0.938805729,-0.625811968,-0.805861562,-0.102096581,1
AER01005.1,0.188508611,-0.666666667,-0.902173913,-0.998248091,0.236514049,1,-0.607110039,-0.319658118,-0.76467111,0.057523965,1
AER03729.1,-0.757623128,-0.916666667,-0.597826087,-0.956934973,0.111802381,1,-0.953519105,-0.638181817,-0.934483295,0.039110612,1
AER04228.1,-0.745266753,-1,-0.836956522,-0.998248091,0.169747985,1,-0.928745792,-0.793354101,-0.885193048,0.071358872,1
BAB62098.1,-0.585028743,0.75,-0.543478261,-0.783631945,0.271555002,-1,-0.764129858,0.096212834,-0.879818044,0.29101988,1
CAA34403.1,-0.694009089,0,-0.826086957,-0.908619833,0.192144266,1,-0.977194266,-0.684508937,-0.978723713,-0.034766491,1
CAA37206.1,-0.753805003,-0.75,-0.934782609,-0.998248091,-0.076303958,-1,-0.806050943,-0.869165026,-0.84380409,0.097823474,1
CAA48133.1,-0.640375959,-0.666666667,-0.760869565,-0.865345982,0.329160641,-1,-0.950175156,-0.611842566,-0.938884964,0.096371351,1
CAA63564.1,-0.792399092,-0.333333333,-0.195652174,-0.998248091,0.058589141,-1,-0.985353502,-0.742173017,-0.992652004,-0.11959591,1
CAA71822.1,-0.366362436,-1,-0.934782609,-0.998248091,0.268153532,1,-0.702760363,-0.429390681,-0.829552269,-0.162689842,1
CAA88137.1,-0.41479048,-0.25,-0.880434783,-0.998248091,0.23584091,1,-0.882339801,-0.593633633,-0.865515773,0.155989225,1
CAA88138.1,-0.330743151,-0.333333333,-0.891304348,-0.998248091,0.170122127,1,-0.889767382,-0.712375792,-0.868163245,0.185571461,1
CAB46338.1,-0.65716145,0.416666667,-0.52173913,-0.884948029,0.398105972,1,-0.945694264,-0.611531038,-0.96457608,0.065646126,1
CAC98661.1,-0.413904524,0.666666667,-0.880434783,-0.648627416,0.442278424,1,-0.879801744,-0.137574922,-0.912427792,-0.136833243,1
CAE55522.1,-0.711823206,-0.5,-0.891304348,-0.998248091,-0.549551266,-1,-0.80856693,-0.050727165,-0.83066708,0.212109092,1
EDK22348.1,-0.820966741,-1,-0.934782609,-0.998248091,0.390071007,-1,-0.685307623,0.183411583,-0.672520113,-0.10553232,1
EET06073.1,-0.801853254,-0.333333333,-0.869565217,-0.998248091,-0.096542381,-1,-0.817564829,-0.110996562,-0.851024867,0.097336637,1
ENR47700.1,-0.80063862,-1,-0.847826087,-0.998248091,-0.30915694,-1,-0.886873528,-0.533435266,-0.875626396,0.259231112,1
ENR50124.1,-0.813470007,-1,-0.945652174,-0.998248091,0.259855267,-1,-0.904812478,-0.438447975,-0.755788809,0.177244736,1
NP_045547.1,-0.686152166,-0.833333333,-0.891304348,-0.998248091,0.557305808,1,-0.939407639,0.666913039,-0.928462873,0.01388497,1
NP_045688.1,-0.191814799,-0.75,-0.815217391,-0.998248091,0.569521577,1,-0.774906068,-0.287260883,-0.850251134,-0.152239021,1
NP_045689.2,-0.373372268,-0.666666667,-0.77173913,-0.998248091,0.539436384,1,-0.815932313,-0.312762759,-0.860168735,-0.103219672,1
NP_049501.1,1,-0.916666667,-0.956521739,1,-0.173250404,1,-0.138463576,-0.70187266,-0.302723447,-0.081820365,1
NP_212737.1,-0.780379108,-0.5,-0.804347826,-0.973401548,0.067566446,1,-0.947098723,-0.742394818,-0.921173003,-0.041543463,1
NP_214802.1,-0.835411942,-0.833333333,-0.97826087,-0.998248091,-0.554332388,-1,-0.830480499,0.474074079,-0.266416122,0.257831448,1
NP_214989.1,-0.812331823,-0.75,-0.923913043,-0.998248091,0.131070537,-1,-0.595589465,1,-0.769814707,0.242279624,1
NP_215690.1,0.927238574,-0.916666667,-0.97826087,0.534608308,-0.433011572,1,-0.92359611,-0.115555555,-0.384299362,0.082406891,1
NP_216402.1,-0.627135014,-0.833333333,-0.934782609,-0.998248091,-0.156446213,1,-0.869843463,-0.863931627,-0.829412437,0.314004637,1
NP_216424.1,-0.796605127,-0.5,-0.815217391,-0.998248091,0.074599326,-1,-0.941748404,-0.653393395,-0.941950284,0.067056585,1
NP_216442.1,0.293467268,-0.666666667,-0.97826087,-0.018579816,-0.263723659,1,-0.593047394,-0.499371065,-0.601062498,-1,1
NP_216496.1,-0.114797565,-0.333333333,-0.97826087,-0.298355907,0.033677787,1,-0.769678138,-0.728460042,-0.761040981,0.069716596,1
NP_216547.1,-0.820548042,-0.75,-0.989130435,-0.998248091,0.144619863,-1,-0.493391687,-0.385802472,-0.672787712,0.295529071,1
NP_217389.1,-0.059880746,-0.25,-0.934782609,-0.998248091,-0.101241063,1,-0.52441618,-0.437171713,-0.734966014,-0.094137408,1
NP_218391.1,-0.83362827,-0.833333333,-0.989130435,-0.998248091,0.213677988,-1,-0.384044547,0.415111113,-0.508794701,0.125951997,1
NP_218698.1,-0.305602606,-0.916666667,-0.945652174,-0.998248091,-0.198289565,1,-0.884558846,-0.577652933,-0.847585018,0.147724544,1
NP_219206.1,-0.436706229,-0.75,-0.923913043,-0.703341137,0.112652698,1,-0.866704832,0.687247867,-0.862563963,0.090883951,1
NP_219475.1,-0.815005584,-0.75,-0.934782609,-0.998248091,-0.384893841,-1,-0.625033607,-0.150533581,-0.645112088,0.374283499,1
NP_219647.1,-0.805840618,-0.333333333,-0.880434783,-0.998248091,0.022035154,-1,-0.830897824,-0.782768027,-0.803725708,0.119731263,1
NP_220344.1,-0.595435509,-0.666666667,-0.815217391,-0.826605729,0.058988433,1,-0.92674611,-0.661882407,-0.901937157,0.021642804,1
NP_222731.1,-0.827098245,-0.916666667,-0.989130435,-0.998248091,0.609822899,-1,-0.911016841,-0.700188324,-0.646237319,-0.0629249,1
NP_222744.1,-0.800869095,-0.666666667,-0.945652174,-0.998248091,-0.128858549,-1,-0.869727094,-0.667814297,-0.877910307,0.054448814,1
NP_224227.1,-0.647866662,0.25,-0.532608696,-0.841715621,0.057485824,1,-0.928171301,-0.66346941,-0.945239335,0.219447867,1
NP_224506.1,-0.240904225,-0.916666667,-0.913043478,-0.509582766,0.191248877,1,-0.633925837,0.034437945,-0.694740124,0.058389462,1
NP_224995.1,-0.800822135,-0.583333333,-0.826086957,-0.998248091,0.058782507,-1,-0.881867636,-0.524714431,-0.87988933,0.227865312,1
NP_250397.1,-0.805380819,-0.916666667,-0.869565217,-0.998248091,-0.056461951,-1,-0.817402313,-0.187755098,-0.82296978,0.045761132,1
NP_250399.1,-0.801796684,-0.916666667,-0.869565217,-0.998248091,-0.337050263,-1,-0.883968974,-0.07019943,-0.854013966,0.023494896,1
NP_250468.1,-0.525400536,-0.666666667,-0.880434783,-0.602889195,0.249882412,1,-0.820726199,-0.519873018,-0.868136376,0.133563236,1
NP_268530.1,-0.754030002,-0.833333333,-0.956521739,-0.960971402,-0.627822701,1,-0.672943705,-0.869550963,-0.777249344,-0.057326243,1
NP_268623.1,-0.752809935,-0.083333333,-0.532608696,-0.942040492,0.0405154,-1,-0.93232783,0.286648847,-0.951684185,-0.025487491,1
NP_268639.1,-0.59726857,-0.833333333,-0.880434783,-0.757830249,-0.177860449,1,-0.889008974,-0.611707317,-0.861372929,0.070976294,1
NP_273588.1,-0.654508527,-1,-0.923913043,-0.998248091,-0.691914737,1,-0.893665089,-0.84924242,-0.862422486,-0.13967315,1
NP_273914.1,-0.275211569,-0.75,-0.956521739,-0.998248091,0.070828895,1,-0.620325995,-0.725043177,-0.729050877,0.061110039,1
NP_274190.1,0.356996058,-0.916666667,-0.967391304,-0.998248091,0.001051065,1,-0.674848419,-0.856187892,-0.563879446,-0.123499248,1
NP_345151.1,-0.756184028,-0.583333333,-0.130434783,-0.963923503,0.368026499,1,-0.973047769,-0.512315679,-0.992213318,-0.02334951,1
NP_346492.1,-0.799628489,-1,-0.869565217,-0.998248091,0.092603666,-1,-1,-0.435848195,-0.906386533,0.071209578,1
NP_357715.1,-0.539361456,-0.916666667,-0.891304348,-0.779713483,0.266118896,1,-0.763438329,0.500269254,-0.935340926,-0.041078338,1
NP_373278.1,-0.799064436,-0.916666667,-0.804347826,-0.998248091,0.359716624,1,-0.982410827,-0.655755153,-0.940987368,-0.041354833,1
NP_395162.1,-0.804809798,-0.5,-0.869565217,-0.998248091,-0.144577426,-1,-0.746854347,0.011619464,-0.823232992,0.057523965,1
NP_395165.1,-0.803951563,-0.666666667,-0.847826087,-0.998248091,0.114598114,-1,-0.832095626,-0.430265847,-0.850204524,-0.033125077,1
NP_395430.1,-0.134178366,-0.333333333,-0.945652174,-0.225595308,0.193995798,1,-0.438304136,-0.531764709,-0.673128242,0.005174144,1
NP_438542.1,0.410052436,-1,-0.967391304,-0.998248091,0.076032549,1,-0.644536188,-0.364124907,-0.653589153,0.048814953,1
NP_438563.1,-0.373604319,-0.333333333,-0.913043478,-0.607834672,-0.144740744,1,-0.865555183,-0.595352214,-0.879427065,0.095594828,1
NP_462896.1,-0.19751416,-0.916666667,-0.967391304,-0.605782326,-0.078139238,1,-0.854320182,-0.846183578,-0.751508875,-0.005678639,1
NP_539319.1,-0.812117775,-0.916666667,-0.934782609,-0.998248091,0.113866599,-1,-0.827911677,-0.955997792,-0.737599229,-0.134513597,1
NP_539453.1,-0.187392628,-0.666666667,-0.967391304,-0.314817819,-0.232136306,1,-0.858904736,-0.221688888,-0.767696949,0.178050596,1
NP_539986.1,-0.799646664,-0.833333333,-0.869565217,-0.998248091,0.28659455,-1,-0.970506368,-0.161145473,-0.919791141,0.185736476,1
NP_540166.1,0.469848136,-0.916666667,-0.967391304,0.020515602,0.12942355,1,-0.715466033,-0.709337504,-0.758920481,-0.034596919,1
NP_540501.1,0.302447312,-0.666666667,-0.956521739,0.186346593,-0.17367477,1,-0.511487134,-0.386512522,-0.651194474,-0.068383589,1
NP_541568.1,-0.801495578,-0.75,-0.934782609,-0.998248091,0.127766528,-1,-0.87180168,-0.38243281,-0.879664504,-0.074929706,1
NP_665438.1,-0.800845552,-0.75,-0.891304348,-0.998248091,0.332251423,-1,-0.797053044,-0.33718449,-0.901400863,-0.03976823,1
NP_688405.1,-0.466885583,-0.75,-0.836956522,-0.695669919,0.223430183,1,-0.963550953,-0.410370367,-0.939835816,-0.084945199,1
NP_688406.1,-0.723409768,-0.75,-0.684782609,-0.941408154,0.335469418,1,-0.939675155,-0.607349854,-0.960682738,-0.029072691,1
NP_754374.1,-0.677342575,-0.333333333,-0.673913043,-0.899268129,0.022287529,1,-0.928449518,-0.628904428,-0.934271629,0.040283665,1
NP_755498.1,-0.796460326,-0.75,-0.673913043,-0.998248091,0.041965144,-1,-0.931895123,-0.68537549,-0.940769121,0.082082326,1
NP_757022.1,-0.694992672,-0.583333333,-0.684782609,-0.874210349,0.226096032,1,-0.930919359,-0.766568914,-0.938030622,0.131223244,1
NP_757168.1,-0.644190185,-0.75,-0.880434783,-0.764424798,-0.001782708,1,-0.923066428,-0.476553292,-0.899836946,0.179578973,1
NP_783831.1,-0.794075634,-0.5,-0.576086957,-0.998248091,0.039994665,-1,-0.966961781,-0.697338406,-0.970553181,-0.058112955,1
NP_854596.1,-0.792539716,0,-0.880434783,-0.998248091,-0.32170422,-1,-0.810028236,0.087260311,-0.858966735,0.240102373,1
NP_857727.1,-0.840024873,-0.916666667,-0.989130435,-0.998248091,0.217144543,-1,-0.399626682,-0.085057469,-0.40759196,0.237303045,1
NP_880571.1,-0.79201344,0.666666667,0.358695652,-0.998248091,0.191945953,-1,-0.987292993,-0.425973382,-1,0.146806241,1
NP_882282.1,-0.527143832,-0.083333333,-0.869565217,-0.558091624,-0.236195575,1,-0.687841668,-0.539694338,-0.786904829,0.851863238,1
P0A3S9.1,-0.344772999,-0.666666667,-0.923913043,-0.998248091,-0.170789794,1,-0.498976083,-0.631481478,-0.677089579,0.290356976,1
P0C109.1,0.192226147,-0.333333333,-0.97826087,-0.998248091,0.221528142,1,-0.567010737,-0.80012555,-0.718878838,-0.022474608,1
P17452.2,-0.794151635,-0.666666667,-0.554347826,-0.998248091,-0.077459425,-1,-0.973181527,-0.655858191,-0.968140406,0.063211495,1
P20626.1,-0.368388685,-0.916666667,-0.945652174,-0.689043561,0.030815693,1,-0.842191678,-0.68309808,-0.835170195,0.309480318,1
P27053.3,-0.798291129,-0.666666667,-0.695652174,-0.998248091,0.075044331,-1,-0.869868208,-0.19736281,-0.910534312,0.015969495,1
P69996.1,-0.798343629,-0.75,-0.880434783,-0.998248091,0.221250944,-1,-0.927831556,-0.658035543,-0.920668514,0.017383895,1
Q9RB65.2,-0.609812039,0,-0.586956522,-0.823987745,0.13757884,1,-0.943754773,-0.73314176,-0.95119834,0.061677508,1
WP_009872247.1,-0.711795678,-0.75,-0.815217391,-0.875017926,-0.126506608,1,-0.938337576,-0.764540582,-0.915161356,0.0437074,1
YP_001197700.1,-0.727906981,0.083333333,-0.565217391,-0.998248091,0.215318487,1,-0.937735665,-0.465090953,-0.961779454,-1,1
YP_001248444.1,-0.466637296,-0.75,-0.826086957,-0.719609227,0.070887364,1,-0.93740127,-0.2518797,-0.911198373,0.008215166,1
YP_001331790.1,-0.623267244,0.666666667,1,-0.892096598,0.822501012,-1,-0.961410826,-0.649255689,-0.974172343,-0.006238504,1
YP_001332107.1,-0.349207784,-0.583333333,-0.826086957,-0.499343106,0.214143833,1,-0.856208844,-0.722744691,-0.851529356,-1,1
YP_002037641.1,-0.68734138,-0.583333333,-0.532608696,-0.998248091,0.337637022,1,-0.959605093,-0.565864615,-0.967317869,-1,1
YP_002037642.1,-0.813470007,-1,-0.880434783,-0.998248091,0.197966954,-1,-0.568073444,-0.625631984,-0.735513824,-0.024234187,1
YP_002345675.1,-0.570785402,-0.5,-0.652173913,-0.791373641,-0.005398493,1,-0.921040664,-0.581603154,-0.934597901,0.023588819,1
YP_002346905.1,-0.79795493,-0.916666667,-0.858695652,-0.998248091,-0.775854863,-1,-0.948302544,-0.469333333,-0.8940918,0.323395588,1
YP_002364847.1,-0.01544778,-0.916666667,-0.858695652,-0.998248091,0.170920833,1,-0.698040713,-0.119747237,-0.767525861,-0.12213069,1
YP_002646905.1,-0.58406668,-0.75,-0.956521739,-0.699579493,-0.24375542,1,-0.754136131,-0.526718689,-0.803543653,0.221253568,1
YP_003076587.1,-0.547095845,-0.416666667,-0.782608696,-0.868033929,0.229202258,1,-0.934859868,-0.774739349,-0.945056732,0.195191408,1
YP_003110629.1,-0.45783887,-0.666666667,-0.923913043,-0.998248091,0.037526421,1,-0.564545577,0.087819368,-0.721293807,-0.011650535,1
YP_003293996.1,-0.511115113,-1,-0.945652174,-0.498093072,-0.124516763,1,-0.574185514,-0.358064517,-0.516647735,-0.123623661,1
YP_005657787.1,-0.820966741,-0.833333333,-0.891304348,-0.998248091,0.442222203,-1,-0.409568911,0.930829422,-0.679690989,-0.093017677,1
YP_007012122.1,-0.304133996,-0.5,-0.945652174,-0.55548695,0.175567534,1,-0.878572508,-0.593877554,-0.86925009,-0.040390308,1
YP_026537.1,-0.798689373,-0.75,-0.880434783,-0.998248091,0.056267291,-1,-0.91059216,-0.170833332,-0.913768527,0.102935294,1
YP_030461.1,-0.797826493,-0.416666667,-0.869565217,-0.998248091,0.351150763,-1,-0.928162607,0.042225859,-0.934358269,0.128169815,1
YP_094511.1,-0.480982974,-0.75,-0.826086957,-0.805697185,-0.009475238,1,-0.933254773,-0.657949663,-0.909484755,-0.100641379,1
YP_094724.1,-0.798603529,-0.5,-0.815217391,-0.998248091,0.001282953,-1,-0.892568273,-0.131636364,-0.913711497,0.083383062,1
YP_096954.1,-0.270743333,-1,-1,-0.426991611,-0.000184332,1,-1,-0.754320985,-0.801538857,0.059792709,1
YP_177697.1,-0.799967266,-0.5,-0.945652174,-0.998248091,-0.41242531,-1,-0.888851139,-0.338556503,-0.86889969,0.158491186,1
YP_177770.1,-0.333385933,-0.416666667,-0.891304348,-0.998248091,0.02510592,1,-0.824135689,-0.479738565,-0.854705445,-0.074575043,1
YP_178023.1,-0.83588133,-0.666666667,-0.967391304,-0.998248091,-0.107304604,-1,-0.368943941,-0.25520468,-0.377707003,-0.020235145,1
YP_248692.1,-0.626255344,0.333333333,-0.695652174,-0.998248091,0.363468076,1,-0.886706999,-0.677107579,-0.935411116,0.072254657,1
YP_248824.1,-0.132567811,-0.833333333,-0.923913043,-0.401153906,-0.001956765,1,-0.793178076,-0.458000619,-0.856754659,0.024423903,1
YP_328507.1,-0.460737396,-0.333333333,-0.913043478,-0.681600233,-0.090702966,1,-0.810424829,-0.709652074,-0.860949597,0.001830145,1
YP_418725.1,-0.227752577,-0.916666667,-0.97826087,-0.182176893,0.080930396,1,-0.592927012,-0.488760438,-0.718849775,0.02865979,1
YP_671699.1,-0.79500073,-0.083333333,-0.663043478,-0.998248091,0.218154689,-1,-0.949773882,-0.447222222,-0.963095513,0.108941129,1
YP_694509.1,-0.45546351,-0.666666667,-0.858695652,-0.701325863,0.235788252,1,-0.810789319,-0.62222222,-0.884893645,-0.013516758,1
YP_816547.1,-0.376368443,-0.916666667,-0.934782609,-0.636170065,0.195918413,1,-0.853137093,-0.641925325,-0.78803335,-0.022944167,1
YP_817150.1,-0.799909014,-0.75,-0.847826087,-0.998248091,0.116844657,-1,-0.91753353,-0.624439726,-0.899407033,0.202503556,1
YP_817402.1,-0.618725606,-0.5,-0.815217391,-0.828210843,0.37963899,-1,-0.917922765,0.0850531,-0.949199576,0.045147419,1
YP_873931.1,-0.283387412,-0.333333333,-0.836956522,-0.619606631,0.016905404,1,-0.838790881,-0.530702952,-0.90060355,0.004358957,1
ZP_00785378,-0.782552545,0.333333333,-0.445652174,-0.977531084,0.274393162,-1,-0.952181526,-0.679280951,-0.978010848,-0.100456455,1
ZP_00785385,-0.441758483,-0.083333333,-0.869565217,-0.6170988,0.281442598,1,-0.916765759,-0.665250107,-0.905694505,-0.030032794,1
ZP_05300691,-0.656867268,-0.833333333,-0.858695652,-0.94364667,0.198726605,1,-0.892308783,-0.578835975,-0.91428837,0.058725213,1
ZP_05821343,-0.401911259,-0.833333333,-0.913043478,-0.555897024,-0.141170176,1,-0.840193334,-0.471558347,-0.841221873,0.20496795,1
ZP_05821969,-0.797498582,-0.583333333,-0.77173913,-0.998248091,0.307829839,-1,-0.946429933,-0.130733231,-0.937753153,0.010977364,1
NP_206845.1,-0.802055966,-0.666666667,-0.880434783,-0.998248091,-0.154532888,-1,-0.916386555,-0.698221055,-0.860743963,0.139662479,-1
NP_206910.1,-0.813470007,-1,-0.967391304,-0.998248091,0.185679106,-1,-0.282023999,-0.01728395,-0.768024867,0.131675067,-1
NP_207004.1,-0.796218495,-1,-0.77173913,-0.998248091,0.073957384,-1,-0.907145217,-0.609639901,-0.949250025,-0.017761323,-1
NP_207134.1,-0.821840551,-1,-1,-0.998248091,0.272462321,-1,-0.693713643,-0.679549114,-0.65233451,-0.077748619,-1
NP_207182.1,-0.774018727,-0.916666667,-0.923913043,-0.969256606,0.082342575,1,-0.689146477,-0.433955555,-0.805857724,-0.017035916,-1
NP_207326.1,-0.807807571,-0.916666667,-0.945652174,-0.998248091,-0.157651387,-1,-0.723858677,-0.684126981,-0.769709422,0.187202249,-1
NP_207706.1,-0.665396078,-0.75,-0.880434783,-0.875005164,-0.284282815,1,-0.894802032,-0.913964552,-0.887534536,0.121435203,-1
NP_208154.1,-0.799592396,-0.833333333,-0.847826087,-0.998248091,0.006996792,-1,-0.89611821,-0.220673953,-0.90168875,0.062145085,-1
NP_212213.1,-0.81027845,-0.916666667,-0.967391304,-0.998248091,-0.400031739,-1,-0.913057319,-0.718585857,-0.690726144,-0.086154811,-1
NP_212370.1,-0.74814425,-0.75,-0.684782609,-0.969044192,-0.032223701,1,-0.944356684,-0.66899534,-0.923762349,0.091968064,-1
NP_212396.1,-0.801085977,-0.75,-0.880434783,-0.998248091,-0.205676887,-1,-0.912805854,-0.851532105,-0.864474441,0.042049906,-1
NP_212734.1,-0.682584075,-1,-0.793478261,-0.998248091,-0.146810682,1,-0.910881746,-0.812183614,-0.887935934,-0.132594388,-1
NP_212767.1,-0.794482187,-0.833333333,-0.77173913,-0.998248091,0.132875148,-1,-0.991372611,-0.538484931,-0.96808557,-0.125302318,-1
NP_212856.1,-0.612907183,-0.916666667,-0.804347826,-0.871515635,-0.076260527,1,-0.961678342,-0.68741049,-0.88285156,-0.053532415,-1
NP_214754.1,-0.820343028,-0.833333333,-0.989130435,-0.998248091,-0.29565024,-1,-0.064770291,-0.878007667,-0.595257033,0.532632166,-1
NP_214765.1,-0.817743542,-0.666666667,-0.97826087,-0.998248091,0.237728572,-1,-0.391149101,-0.721872815,-0.722822628,-1,-1
NP_215002.1,-0.244887925,-0.833333333,-0.989130435,-0.998248091,-0.731782745,1,-0.785388012,-0.779988943,-0.622515356,0.013356793,-1
NP_215288.2,-0.45258075,-0.333333333,-0.923913043,-0.693997325,-0.317820865,-1,-0.740792436,-0.737293732,-0.807411222,0.219014105,-1
NP_215959.1,-0.817409091,-0.916666667,-0.956521739,-0.998248091,-0.433309593,-1,-0.859180278,-0.83519669,-0.655778198,0.58222896,-1
NP_215994.1,-0.202879601,-0.666666667,-0.956521739,-0.45583313,-0.05813702,1,-0.596054942,-0.669709546,-0.77546718,0.471562616,-1
NP_216438.1,-0.606755971,-0.416666667,-0.869565217,-0.998248091,-0.005173497,1,-0.84592085,-0.570889489,-0.8600969,0.072239216,-1
NP_216684.1,-0.830457316,-0.833333333,-0.967391304,-0.998248091,-0.297651808,-1,-0.300557503,-0.426748969,-0.525689608,0.694713266,-1
NP_217065.1,-0.82349813,-0.916666667,-0.989130435,-0.998248091,-0.446210364,-1,-0.791705401,-0.662425784,-0.543303412,0.136153992,-1
NP_217394.1,-0.536280118,-0.666666667,-0.967391304,-0.998248091,-0.477322412,1,-0.52063618,-0.539884396,-0.618407059,0.120850994,-1
NP_217552.1,-0.431978434,-0.666666667,-0.967391304,-0.554940437,-0.067728959,1,-0.715808453,-0.922075376,-0.740780253,0.259697671,-1
NP_217661.1,-0.157653492,-0.833333333,-0.967391304,-0.515066168,-0.976719067,1,-0.493287356,-0.930902778,-0.349014724,0.846156919,-1
NP_218183.1,-0.678472173,-0.5,-0.891304348,-0.998248091,-0.022423935,1,-0.963885348,-0.640336828,-0.910057789,0.337824378,-1
NP_218377.1,-0.801796684,-0.666666667,-0.902173913,-0.998248091,-0.0369866,-1,-0.820066103,-0.659829064,-0.879047601,0.303891325,-1
NP_245935.1,-0.829096987,-0.75,-0.858695652,-0.994628966,-0.355635866,1,-0.877016903,-0.935442012,-0.76797716,0.092787729,-1
NP_246737.1,-0.812550217,-0.916666667,-0.97826087,-0.998248091,-0.153447842,-1,-0.794440751,-0.551043432,-0.70443564,-0.03367192,-1
NP_296643.1,-0.758305902,-0.25,-0.717391304,-0.957746989,0.076727619,1,-0.955525475,-0.847044195,-0.955420696,0.056619133,-1
NP_444680.1,-0.820548042,-1,-0.956521739,-0.998248091,-0.393797967,-1,-0.813481867,-0.631481478,-0.560403953,-0.135940705,-1
NP_444832.1,-0.796343885,-0.333333333,-0.152173913,-0.998248091,0.255440572,-1,-0.930389677,-0.395154119,-0.952321377,0.326171861,-1
NP_445074.1,-0.900584377,-1,-0.97826087,-0.998248091,-0.830335584,-1,-0.888534802,-0.77321937,1,-0.079580902,-1
NP_445596.1,-0.798200959,-0.833333333,-0.804347826,-0.998248091,-0.122844879,-1,-0.929154422,-0.634022991,-0.913145044,0.142715225,-1
NP_781237.1,-0.804032614,-1,-0.902173913,-0.998248091,0.578349734,-1,-0.833009193,-0.617832643,-0.894195988,-0.045338792,-1
NP_836897.1,-0.795302774,-0.083333333,-0.641304348,-0.998248091,0.111694236,-1,-0.966627386,-0.731425248,-0.954204438,-0.0111755,-1
NP_837945.1,-0.725172389,-0.25,-0.880434783,-0.998248091,-0.780770665,1,-0.911357256,-0.913628472,-0.856382872,0.022816596,-1
NP_856026.1,-0.731968088,-1,-0.97826087,-0.998248091,0.265878151,-1,-0.94857006,-0.467028594,-0.923178348,0.397797856,-1
NP_856124.1,0.058661958,-0.75,-0.97826087,-0.028527627,0.387828104,1,-0.710931638,-0.434366928,-0.739851335,0.237925123,-1
NP_856888.1,-0.201392285,-1,-0.989130435,-0.998248091,-0.605189871,1,-0.400895376,-0.752602952,-0.500305572,0.319247017,-1
YP_000389.1,-0.819169943,-0.916666667,-0.97826087,-0.998248091,-0.11560898,-1,-0.367307412,-0.355702723,-0.613620991,-0.017622443,-1
YP_000391.1,-0.797042363,-0.916666667,-0.739130435,-0.998248091,0.02586645,-1,-0.923011587,-0.447222222,-0.933712303,0.156768524,-1
YP_000859.1,-0.803016282,-0.833333333,-0.793478261,-0.998248091,-0.092533625,-1,-0.738903773,-0.899208614,-0.843032551,0.119428633,-1
YP_001065842.1,-0.34023134,0.25,-0.880434783,-0.625262566,0.082227374,1,-0.887504865,-0.766305331,-0.891575934,0.204220081,-1
YP_001066635.1,-0.407920974,-0.833333333,-0.913043478,-0.429722247,-0.319761196,-1,-0.834102665,-0.775774645,-0.835864416,0.448185763,-1
YP_001088774.1,-0.44041814,-0.833333333,-0.902173913,-0.998248091,-0.685634575,1,-0.877727827,-0.846183578,-0.837207893,-0.0691875,-1
YP_001197582.1,-0.773182352,-0.666666667,-0.413043478,-0.965831879,0.205310022,1,-0.972111463,-0.642793036,-0.970224166,0.134086789,-1
YP_001197594.1,-0.804995103,-0.75,-0.923913043,-0.998248091,-0.20142449,-1,-0.824829893,-0.619278878,-0.812428148,-0.077409306,-1
YP_001197641.1,-0.305996695,-0.583333333,-0.77173913,-0.614256199,0.492535515,1,-0.763527278,-0.370897257,-0.817331016,-1,-1
YP_001198726.1,-0.818617673,-0.75,-0.945652174,-0.998248091,0.152709927,-1,-0.673132304,-0.655411255,-0.663554461,0.091737981,-1
YP_001199090.1,-0.511798804,-1,-1,-0.998248091,-0.985141553,1,-1,-0.913289756,-0.116825183,-0.18679517,-1
YP_001248137.1,-0.677005992,-0.833333333,-0.858695652,-0.998248091,-0.298669873,-1,-0.875296107,-0.652269708,-0.90130161,-0.024234187,-1
YP_001494432.1,-0.477882993,-0.916666667,-0.945652174,-0.998248091,-0.126803519,1,-0.895481522,-0.700912507,-0.861531405,0.064277904,-1
YP_001494827.1,-0.813232842,-0.833333333,-0.967391304,-0.998248091,-0.147316801,-1,-0.674919311,-0.583246071,-0.70600833,-0.057026312,-1
YP_001598413.1,-0.496312256,-0.833333333,-1,-0.998248091,-0.026382705,1,-0.725755365,-0.784281842,-0.633345425,-0.100215948,-1
YP_001598536.1,-0.795075538,-0.25,-0.510869565,-0.998248091,0.370263365,-1,-0.943019105,-0.832957808,-0.967537212,0.143613641,-1
YP_001598607.1,-0.798356882,-0.75,-0.902173913,-0.998248091,-0.05175063,-1,-0.920610632,-0.190297337,-0.914416686,-0.11407531,-1
YP_001598909.1,-0.706955085,-0.75,-0.75,-0.920969874,0.109498424,1,-0.932855505,-0.473384221,-0.933023018,0.142692841,-1
YP_001599782.1,-0.709023543,-0.916666667,-0.880434783,-0.859797125,0.021273101,1,-0.95719745,-0.787733333,-0.868365041,0.098580782,-1
YP_001599887.1,-0.818261296,-0.666666667,-0.891304348,-0.998248091,0.288840981,-1,-0.451984233,-0.829914532,-0.6908742,0.057816708,-1
YP_001600056.1,0.100949698,-0.75,-0.97826087,-0.339577704,0.042140036,1,-0.707371,-0.360642566,-0.693919232,0.107334236,-1
YP_001600126.1,-0.90347291,-1,-0.967391304,-0.998248091,-0.146119728,1,-0.648005201,-0.534502923,0.543456952,0.354874828,-1
YP_001605456.1,-0.800270163,-0.916666667,-0.934782609,-0.998248091,-0.132346097,-1,-0.897097987,-0.355702723,-0.894403267,0.248894626,-1
YP_001605885.1,-0.804673989,-0.416666667,-0.847826087,-0.998248091,0.467036814,-1,-0.754909921,-0.742394818,-0.846604006,-0.061914029,-1
YP_001606551.1,-0.528469793,-0.333333333,-0.717391304,-0.77358451,0.033938123,1,-0.930695314,-0.658312692,-0.929675293,0.096950521,-1
YP_001606647.1,-0.804809798,0.333333333,-0.934782609,-0.998248091,-0.119966833,-1,-0.779419731,-0.479738565,-0.807364611,-0.014014411,-1
YP_001607072.1,-0.679081844,-0.583333333,-0.967391304,-0.998248091,-0.139898348,-1,-0.499202802,-0.782958421,-0.601397545,0.257831448,-1
YP_001607100.1,-0.799313917,-0.75,-0.945652174,-0.998248091,0.085439427,-1,-0.860071775,-0.684126981,-0.842981554,-0.059892298,-1
YP_001654124.1,-0.795984078,-0.333333333,-0.554347826,-0.998248091,0.267314558,-1,-0.913857861,-0.253183221,-0.951930946,-0.041088113,-1
YP_001654127.1,-0.81955046,-0.916666667,-0.956521739,-0.998248091,-0.311975352,-1,-0.828987091,-0.168978369,-0.591380691,-0.033032072,-1
YP_001654874.1,0.111578394,-0.833333333,-0.869565217,-0.998248091,0.049167365,1,-0.65404571,-0.417649751,-0.789104841,-0.131536433,-1
YP_001654964.1,-0.841782167,-1,-0.967391304,-0.998248091,0.163727273,-1,1,-0.684126981,-0.346537792,-0.128849078,-1
YP_001880.1,-0.614106753,-0.666666667,-0.913043478,-0.786443545,0.014604459,1,-0.86772273,-0.727616751,-0.907806231,-0.028322091,-1
YP_001933301.1,-0.801160359,-0.666666667,-0.913043478,-0.998248091,-0.342530622,-1,-0.921102192,-0.807729472,-0.863122191,0.374405024,-1
YP_001933316.1,-0.824527352,-0.916666667,-0.989130435,-0.998248091,0.136603762,-1,-0.320853269,-0.72143482,-0.61981908,0.284491723,-1
YP_001933610.1,-0.799757225,-0.75,-0.891304348,-0.998248091,-0.037841207,-1,-0.93873885,-0.723034099,-0.896827558,-1,-1
YP_001933695.1,-0.480398381,-0.833333333,-0.934782609,-0.71417115,-0.419874098,1,-0.760085685,-0.90227133,-0.627563539,-0.043429583,-1
YP_002144929.1,-0.84570233,-1,-0.97826087,-0.998248091,-0.739407919,1,-1,-0.659829064,-0.100842744,0.14721557,-1
YP_002144942.1,-0.557814711,-1,-0.956521739,-0.998248091,-0.563527785,1,-0.789573299,-0.906407991,-0.632437892,0.058545944,-1
YP_002144944.1,-0.829041696,-1,-0.97826087,-0.998248091,0.355595169,-1,-0.932523786,-0.447222222,-0.5697052,0.169319357,-1
YP_002144968.1,-0.830457316,-0.916666667,-0.97826087,-0.998248091,0.115939207,-1,-0.584689528,-0.590534982,-0.51988853,-0.008528859,-1
YP_002144969.1,-0.803951563,-0.833333333,-0.826086957,-0.998248091,0.218701965,-1,-0.665297431,-0.51165644,-0.864749717,0.164520513,-1
YP_002144974.1,-0.806793392,-0.833333333,-0.913043478,-0.998248091,-0.079682329,-1,-0.630107047,-0.471973461,-0.786900443,-0.074654085,-1
YP_002731823.1,-0.731700092,-0.833333333,-0.847826087,-0.973914372,0.191727349,1,-0.931254422,-0.737019651,-0.933310905,-1,-1
YP_002731824.1,-0.708579277,-0.416666667,-0.467391304,-0.917861367,0.156184235,1,-0.975455412,-0.490282178,-0.979436579,0.105697301,-1
YP_002732480.1,-0.821617385,-0.583333333,-0.934782609,-0.998248091,-0.615642716,-1,-0.644809054,-0.9363709,-0.528203829,0.384112254,-1
YP_002733166.1,-0.546022369,-0.75,-0.967391304,-0.998248091,-0.354721224,1,-0.428820027,-0.669366559,-0.448146866,0.190647572,-1
YP_002733631.1,-0.744066417,-0.583333333,-0.913043478,-0.998248091,-0.160098353,-1,-0.778442629,-0.605661715,-0.819565574,0.334346425,-1
YP_002733724.1,-0.810917929,-0.75,-0.923913043,-0.998248091,-0.166631599,-1,-0.752390589,-0.418675008,-0.739455969,0.103972087,-1
YP_002739327.1,-0.497466464,-0.833333333,-0.97826087,-0.877231727,-0.313872319,-1,-0.550668188,-0.492531877,-0.495258486,0.269368073,-1
YP_002739733.1,-0.735557826,-0.416666667,-0.489130435,-0.918061097,0.279133722,-1,-0.980671973,-0.514481542,-0.985852366,-0.02556333,-1
YP_002739906.1,-0.815281975,-1,-0.956521739,-0.998248091,-0.259911805,-1,-0.72550925,-0.646222222,-0.679468356,0.120975407,-1
YP_002740034.1,-0.313522214,-0.833333333,-0.913043478,-0.998248091,0.283005711,1,-0.823261581,-0.505205904,-0.833596956,-0.171398866,-1
YP_002740124.1,-0.814085474,-0.666666667,-0.945652174,-0.998248091,0.04512157,-1,-0.693883516,-0.423188408,-0.704757526,0.065237671,-1
YP_002740339.1,-0.712150009,-0.833333333,-0.760869565,-0.998248091,-0.071744338,1,-0.878046171,-0.776278805,-0.915152582,0.174244495,-1
YP_002740442.1,-0.802115241,-0.833333333,-0.858695652,-0.998248091,-0.044453684,-1,-0.839331932,-0.673292289,-0.858304318,0.142965686,-1
YP_002740557.1,-0.86592202,-0.833333333,-0.989130435,-0.998248091,-0.52796222,-1,0.407978529,-0.689668618,0.111444696,0.100390447,-1
YP_002740617.1,-0.885949161,-0.916666667,-0.989130435,-0.998248091,0.395987274,-1,-0.974719744,-0.410370367,0.184280882,-0.087419021,-1
YP_002740618.1,-0.59076439,-0.916666667,-0.956521739,-0.998248091,-0.932177211,1,-0.92664646,-0.778385215,-0.813790269,0.078674446,-1
YP_002740654.1,-0.809846051,-0.833333333,-0.923913043,-0.998248091,-0.136677038,-1,-0.743036226,-0.371061729,-0.742405586,0.053080592,-1
YP_002740734.1,-0.815142991,-0.75,-0.97826087,-0.998248091,0.050963491,1,-0.712192307,-0.748737373,-0.704159267,0.411421257,-1
YP_002741366.1,-0.797051418,-0.916666667,-0.815217391,-0.998248091,-0.27346569,-1,-0.951378978,-0.562283677,-0.922156757,-0.0017969,-1
YP_002741380.1,-0.86592202,-0.916666667,-0.956521739,-0.998248091,0.509808086,-1,-0.271762087,-0.224171541,-0.210770407,-0.171398866,-1
YP_002741520.1,-0.436766207,-0.25,-0.760869565,-0.719165258,0.263690641,1,-0.87611203,-0.662425784,-0.87623617,-0.014636489,-1
YP_002813347.1,-0.825240297,-0.916666667,-0.891304348,-0.966648334,-0.066304628,1,-0.953987258,-0.623640666,-0.835691684,0.010784434,-1
YP_002814629.1,-0.799851486,-0.333333333,-0.804347826,-0.998248091,0.482850109,-1,-0.923935855,-0.514861694,-0.914254372,-0.196032953,-1
YP_002815839.1,-0.801685229,-1,-0.880434783,-0.998248091,0.028534992,-1,-0.748100302,-0.528595604,-0.876056309,0.008332357,-1
YP_002817680.1,-0.8169227,-0.833333333,-0.97826087,-0.998248091,-0.015442501,-1,-0.632369563,-0.514634144,-0.658149298,-0.113376429,-1
YP_002830.1,-0.804809798,-0.75,-0.891304348,-0.998248091,0.116580072,-1,-0.751498424,-0.277414672,-0.847735268,0.156885984,-1
YP_002979.1,-0.826793388,-1,-0.945652174,-0.998248091,-0.4241856,-1,-0.34076448,-0.777030812,-0.505828633,0.23657279,-1
YP_003043.1,-0.797152817,-0.583333333,-0.739130435,-0.998248091,-0.26592344,-1,-0.931774072,-0.502827085,-0.921912738,0.009953683,-1
YP_003412342.1,-0.273700985,-0.833333333,-0.902173913,-0.998248091,0.345951319,1,-0.825905976,-0.497138612,-0.853595021,-0.095562524,-1
YP_003413400.1,-0.807159207,-0.833333333,-0.956521739,-0.998248091,0.258982712,-1,-0.848288366,-0.527396093,-0.822957716,0.09767595,-1
YP_004510562.1,0.046331791,-0.916666667,-0.97826087,-0.537756043,0.029342192,1,-0.382692254,-0.681854516,-0.597976888,-0.14550508,-1
YP_004510868.1,-0.880003623,-1,-0.97826087,-0.998248091,-0.075824107,-1,-0.899681522,-0.815740743,0.138048827,0.085019594,-1
YP_005178261.1,-0.808364529,-0.666666667,-0.97826087,-0.998248091,0.119994607,-1,-0.897854388,-0.710018217,-0.785249337,-0.014636489,-1
YP_005178684.1,-0.803337225,-0.833333333,-0.956521739,-0.998248091,-0.065718032,-1,-0.894466968,-0.482781027,-0.842496805,0.06899344,-1
YP_005178875.1,-0.274822721,-0.916666667,-0.956521739,-0.998248091,-0.028783092,1,-0.733420365,-0.469333333,-0.780547716,-0.00645384,-1
YP_005179212.1,-0.62726426,-0.75,-0.815217391,-0.87369172,-0.24896719,-1,-0.89639977,-0.319658118,-0.851361011,0.189205493,-1
YP_005179346.1,-0.261931569,-0.833333333,-0.902173913,-0.485604616,-0.042241814,1,-0.718890237,-0.398677993,-0.853249555,0.040586619,-1
YP_005179356.1,0.14388105,-1,-0.967391304,-0.163981947,0.210340592,1,-0.495260286,-0.791895423,-0.70471256,-0.065291004,-1
YP_005844337.1,-0.850275822,-0.833333333,-1,-0.998248091,0.218629152,-1,-0.395767095,-0.631481478,-0.266319611,0.542029914,-1
YP_006094393.1,-0.62366813,-0.416666667,-0.72826087,-0.792642817,0.082444187,1,-0.935595537,-0.740532877,-0.943839926,0.098114224,-1
YP_006094524.1,-0.318442004,-0.583333333,-0.923913043,-0.998248091,-0.100848635,1,-0.774032629,-0.625235408,-0.767240167,0.029179077,-1
YP_006094558.1,-0.815708642,-0.833333333,-0.956521739,-0.998248091,-0.097956318,-1,-0.409267956,-0.948578816,-0.677282601,-0.045429099,-1
YP_006094626.1,-0.524652776,-1,-0.956521739,-0.998248091,-1,-1,-0.680268292,-0.952703502,-0.570635763,0.509053212,-1
YP_006094651.1,-0.777491491,-0.833333333,-0.663043478,-0.98069188,-0.008774221,1,-0.947767513,-0.695019153,-0.945152146,0.201592699,-1
YP_006095340.1,-0.807607714,-0.916666667,-0.967391304,-0.998248091,-0.337136924,-1,-0.898414166,-0.479738565,-0.775953025,0.165720227,-1
YP_006095491.1,-0.435720409,-0.666666667,-0.967391304,-0.604955754,0.206830747,1,-0.838369544,-0.60471757,-0.731589226,0.293289608,-1
YP_006095865.1,-0.578927942,-0.75,-0.923913043,-0.733531388,-0.116436758,1,-0.920240122,0.127233113,-0.909717807,0.241595345,-1
YP_006095913.1,-0.801036971,-0.666666667,-0.826086957,-0.998248091,0.106049012,-1,-0.910845631,-0.704481568,-0.878877062,-0.039665775,-1
YP_006096033.1,-0.874757541,-0.916666667,-0.989130435,-0.998248091,0.379438631,-1,-0.418414995,-1,-0.018116374,0.194380017,-1
YP_006096653.1,-0.634395072,-0.583333333,-0.663043478,-0.916099805,0.036856267,1,-0.954254774,-0.787137315,-0.945600703,0.120353341,-1
YP_006097351.1,-0.136938228,-0.916666667,-0.923913043,-0.998248091,-0.24114216,1,-0.66527603,-0.492531877,-0.755716425,0.093737496,-1
YP_006097512.1,-0.846415083,-0.833333333,-0.989130435,-0.998248091,-0.155435971,-1,-0.421106205,-0.77027417,-0.263876677,0.030152762,-1
YP_006097604.1,-0.813000577,-1,-0.967391304,-0.998248091,0.041963644,-1,-0.873172699,-0.587564769,-0.732276319,0.316484047,-1
YP_006625715.1,-0.684685282,-0.583333333,-0.77173913,-0.906283917,0.112489458,1,-0.941748404,-0.710808353,-0.940951176,0.264836162,-1
YP_006626618.1,-1,-1,-0.989130435,-0.795594506,-0.541262067,1,0.399269548,-0.695019153,0.236369399,-0.025833801,-1
YP_006626823.1,-0.797658596,-0.75,-0.913043478,-0.998248091,-0.099625557,-1,-0.897712605,-0.660915869,-0.929648423,0.302559516,-1
YP_007708566.1,-0.789759187,-0.666666667,-0.923913043,-0.998248091,-0.42343025,-1,-0.839307187,-0.818109109,-0.85753223,0.507371566,-1
YP_007710775.1,-0.858769476,-0.833333333,-0.97826087,-0.998248091,0.135423207,-1,0.48885328,-0.01728395,-0.20012349,0.130928575,-1
YP_007710813.1,-0.807221806,-0.666666667,-0.945652174,-0.998248091,0.125595016,-1,-0.881026967,-0.762792681,-0.794154121,0.114132606,-1
YP_007711124.1,-0.795113954,-0.666666667,-0.717391304,-0.998248091,-0.301449814,1,-0.954455411,-0.600802409,-0.955064263,0.22341662,-1
YP_007967992.1,-0.522348473,-0.416666667,-0.793478261,-0.806584222,-0.091224596,-1,-0.927537288,-0.439795267,-0.905334234,-0.123541854,-1
YP_007968202.1,-0.685858069,-0.166666667,-0.423913043,-0.895858379,0.159012591,1,-0.96241401,-0.37593944,-0.971156374,-0.073384029,-1
YP_007968207.1,-0.716448729,-0.416666667,-0.695652174,-0.896199563,0.216523212,1,-0.951445857,-0.421301348,-0.95867191,-0.031388374,-1
YP_007968429.1,-0.604982227,-0.5,-0.739130435,-0.805543167,0.153579224,1,-0.911143912,-0.464496527,-0.908315107,-0.038470764,-1
YP_007968655.1,-0.812224266,-1,-0.967391304,-0.998248091,-0.089533715,-1,-0.987961783,-0.602,-0.719329589,-0.156076228,-1
YP_007968868.1,-0.680577449,-0.916666667,-0.902173913,-0.998248091,-0.251312382,-1,-0.608138637,-0.812815992,-0.689618461,0.068482025,-1
YP_007968918.1,-0.160593055,-0.25,-0.695652174,-0.519404992,0.524171779,1,-0.679120648,-0.484789645,-0.795078104,0.050473813,-1
YP_007968919.1,-0.574707653,0.083333333,-0.717391304,-0.793517676,-0.030628024,1,-0.930868531,-0.426869581,-0.92935231,0.01253566,-1
YP_007969093.1,-0.523537474,0.333333333,-0.565217391,-0.703594153,0.074710044,1,-0.86557859,-0.395399305,-0.903807057,-0.077465853,-1
YP_007969275.1,-0.881901137,-1,-0.989130435,-0.998248091,0.382155387,-1,-1,-1,0.091752615,-0.244181398,-1
YP_007969319.1,-0.659535916,-0.833333333,-0.902173913,-0.998248091,0.153405904,-1,-0.835674321,-0.14263038,-0.879881653,-0.000869303,-1
YP_008167623.1,-0.804156086,-0.916666667,-0.934782609,-0.998248091,0.003199779,-1,-0.832906868,-0.586708203,-0.834535745,0.076100352,-1
YP_008168548.1,-0.800571526,-0.75,-0.663043478,-0.998248091,0.410620145,-1,-0.789139254,-0.415742845,-0.911100217,0.331376237,-1
YP_008168566.1,-0.598773145,-0.75,-0.934782609,-0.791759472,-0.000684686,1,-0.868419609,-0.814192347,-0.777718738,-0.078208324,-1
YP_008168905.1,-0.720816717,0.666666667,-0.576086957,-0.934770091,0.424069363,-1,-0.977394903,0.084314323,-0.992652004,0.089372023,-1
YP_008169312.1,-0.757081681,-0.5,-0.597826087,-0.938992648,0.330914116,1,-0.919446938,-0.430097759,-0.95354586,0.008322705,-1
YP_008242460.1,-0.679754476,-0.75,-0.641304348,-0.885961681,0.41689838,1,-0.935528658,-0.618773948,-0.945780016,-0.014636489,-1
YP_008242573.1,-0.496345985,-0.5,-0.77173913,-0.998248091,0.270406196,1,-0.927935887,-0.302107565,-0.936481511,-0.104071429,-1
YP_008242584.1,-0.807875241,-0.833333333,-0.902173913,-0.998248091,0.070465758,-1,-0.943085984,-0.541921201,-0.782554706,0.222839846,-1
YP_008242889.1,-0.822846102,-0.416666667,-0.608695652,-0.998248091,0.204389843,1,-0.933923563,-0.591794873,-0.956250362,0.040716262,-1
YP_008242894.1,-0.500999696,-0.916666667,-0.97826087,-0.998248091,-0.866570646,1,-0.95585987,-0.851353872,-0.667153334,0.143370033,-1
YP_008242934.1,-0.856678731,-0.833333333,-0.923913043,-0.998248091,0.420831907,-1,0.008329109,-0.863931627,-0.17025279,-0.187075103,-1
YP_008243078.1,-0.797837978,-0.833333333,-0.826086957,-0.998248091,0.017833087,-1,-0.957331207,-0.47803279,-0.921997734,0.121698362,-1
YP_008243117.1,-0.809351862,-0.916666667,-0.945652174,-0.998248091,-0.000480781,-1,-0.751650239,-0.54054834,-0.767213297,-0.000639848,-1
YP_008243141.1,-0.830922123,-0.833333333,-0.913043478,-0.998248091,-0.308916619,1,-0.613849434,-0.688888892,-0.671734316,-0.085819406,-1
YP_008243165.1,-0.830827755,-0.75,-0.923913043,-0.998248091,0.019440314,-1,-0.328431995,-0.504049847,-0.523776936,0.0967473,-1
YP_008243171.1,-0.799213988,-0.583333333,-0.902173913,-0.998248091,0.153755181,-1,-0.921235282,-0.653159043,-0.904045044,0.067080065,-1
YP_008243242.1,-0.313002841,-0.5,-0.967391304,-0.489016016,-0.086626262,1,-0.874601903,-0.174059662,-0.788879466,0.044336028,-1
YP_008243496.1,-0.573844282,-0.833333333,-0.847826087,-0.888904774,0.093829361,1,-0.76671473,-0.400860219,-0.83884529,0.094887225,-1
YP_008243726.1,-0.741913818,-0.583333333,-0.467391304,-0.953651666,0.135439646,1,-0.968767514,-0.432071697,-0.973130463,-0.039876844,-1
YP_008243740.1,-0.818799355,-0.916666667,-0.945652174,-0.998248091,0.048761415,-1,-0.180404725,-0.710965864,-0.636727696,0.11893145,-1
YP_008243928.1,-0.643189918,-1,-0.847826087,-0.823596538,0.146181537,1,-0.904697446,-0.638181817,-0.892439598,-0.015836202,-1
YP_008243931.1,-0.629637725,-0.583333333,-0.934782609,-0.849353991,0.645127089,1,-0.96114331,-0.424578312,-0.932753774,-0.094589231,-1
YP_008243986.1,-0.82479488,-0.833333333,-0.97826087,-0.998248091,0.067217238,-1,-0.868365437,-0.789417987,-0.569601012,0.181316482,-1
YP_008746387.1,-0.825066669,-0.916666667,-0.858695652,-0.998248091,0.174386279,-1,-0.566757934,-0.363199999,-0.564405321,0.046948731,-1
YP_123028.1,-0.811302558,-0.75,-0.97826087,-0.998248091,-0.288884551,-1,-0.824242696,-0.78841042,-0.709994344,-0.009837645,-1
YP_123067.1,-0.159923831,-0.75,-0.956521739,-0.285941974,0.011628875,1,-0.248850016,-0.213827159,-0.381824623,0.115659517,-1
YP_123605.1,-0.803264442,-0.833333333,-0.913043478,-0.998248091,-0.319410174,-1,-0.905902605,-0.768604648,-0.818713426,-0.045615724,-1
YP_177739.1,-0.811428694,-0.5,-0.804347826,-0.998248091,1,-1,-0.956461781,-0.810379445,-0.989307021,0.151223704,-1
YP_177962.1,-0.806420502,-0.666666667,-0.793478261,-0.998248091,0.956993012,1,-0.963015921,-0.821730962,-0.992981019,1,-1
YP_178110.1,-0.066876324,-0.583333333,-0.902173913,-0.998248091,0.127751718,1,-0.833408461,-0.615458936,-0.746720614,0.008144253,-1
YP_179430.1,-0.821617385,-0.666666667,-0.945652174,-0.998248091,0.083364913,1,-0.340993206,-0.300079932,-0.613623733,-0.010157564,-1
YP_179748.1,-0.811500455,-0.833333333,-0.945652174,-0.998248091,0.158628427,-1,-0.854826456,-0.359098229,-0.742409424,-0.01048934,-1
YP_220816.1,-0.822766542,-0.833333333,-1,-0.998248091,-0.186017243,-1,-0.687315999,-0.669983414,-0.590897039,0.031552426,-1
YP_220963.1,-0.807740433,-0.833333333,-0.934782609,-0.998248091,-0.415581609,-1,-0.722137212,-0.475625819,-0.755502566,0.306209583,-1
YP_221262.1,-0.86099733,-0.833333333,-1,-0.998248091,0.001880895,-1,0.288243076,-0.710018217,-0.082460142,0.810232212,-1
YP_221386.1,-0.92891062,-1,-0.989130435,-0.998248091,0.273394967,-1,-1,-1,0.479956559,0.177957288,-1
YP_221497.1,-0.798014887,-0.75,-0.902173913,-0.998248091,0.05703744,-1,-0.888947445,-0.702707753,-0.924264097,0.039356034,-1
YP_221849.1,-0.801416295,-0.833333333,-0.923913043,-0.998248091,-0.022166218,-1,-0.805521261,-0.737293732,-0.87802601,0.292729743,-1
YP_222058.1,-0.756261371,-0.916666667,-0.934782609,-0.998248091,-0.482142769,1,-0.849398557,-0.803456792,-0.749952636,0.111893144,-1
YP_222268.1,-0.789160467,-0.916666667,-0.956521739,-0.998248091,-0.142989789,1,-0.750762755,0.080671668,-0.837071352,0.284245629,-1
YP_222757.1,-0.803871492,-0.666666667,-0.913043478,-0.998248091,-0.190430336,-1,-0.845625245,-0.676422763,-0.832734389,0.121275719,-1
YP_695964.1,-0.804156086,-0.833333333,-0.923913043,-0.998248091,0.165227566,-1,-0.845407219,-0.889788856,-0.850390965,-0.032437349,-1
YP_696046.1,-0.859865431,-1,-0.956521739,-0.998248091,-0.388060934,-1,0.162831603,-0.572043008,-0.026036856,0.156122529,-1
YP_763859.1,0.397101476,-0.916666667,-0.945652174,0.475684655,0.463173866,1,0.203617083,-0.269724773,-0.615981672,-0.111913142,-1
YP_884378.1,-0.801416295,-0.916666667,-0.913043478,-0.998248091,-0.140418832,-1,-0.858296137,-0.584048404,-0.863702354,0.145600918,-1
